
<entities xmlns:xsd="http://www.w3.org/2001/XMLSchema" xmlns:xsi="http://www.w3.org/2001/XMLSchema-instance" timestamp="2023-06-17T22:54:02.1138580Z">
  <entity name="businessunit" displayname="Business Unit">
    <records>
      <record id="a466c9b3-1c0d-ee11-8f6e-000d3a673ae0">
        <field name="name" value="Escalation Team" />
        <field name="businessunitid" value="a466c9b3-1c0d-ee11-8f6e-000d3a673ae0" />
      </record>
      <record id="54ed3bbd-1c0d-ee11-8f6e-000d3a673ae0">
        <field name="name" value="Buses" />
        <field name="businessunitid" value="54ed3bbd-1c0d-ee11-8f6e-000d3a673ae0" />
      </record>
      <record id="59ed3bbd-1c0d-ee11-8f6e-000d3a673ae0">
        <field name="name" value="Underground" />
        <field name="businessunitid" value="59ed3bbd-1c0d-ee11-8f6e-000d3a673ae0" />
      </record>
      <record id="6c2538c3-1c0d-ee11-8f6e-000d3a673ae0">
        <field name="name" value="Overground" />
        <field name="businessunitid" value="6c2538c3-1c0d-ee11-8f6e-000d3a673ae0" />
      </record>
      <record id="26062aa5-5e0d-ee11-8f6d-002248a01f16">
        <field name="name" value="Confidential Case Team" />
        <field name="businessunitid" value="26062aa5-5e0d-ee11-8f6d-002248a01f16" />
      </record>
      <record id="1908a0ba-5e0d-ee11-8f6d-002248a01f16">
        <field name="name" value="Customer Service Manager" />
        <field name="businessunitid" value="1908a0ba-5e0d-ee11-8f6d-002248a01f16" />
      </record>
    </records>
    <m2mrelationships />
  </entity>
</entities>