<ImportExportXml version="9.2.23053.234" SolutionPackageVersion="9.2" languagecode="1033" generatedBy="CrmLive" xmlns:xsi="http://www.w3.org/2001/XMLSchema-instance">
  <SolutionManifest>
    <UniqueName>TfLCodingChallenge</UniqueName>
    <LocalizedNames>
      <LocalizedName description="TfL Coding Challenge" languagecode="1033" />
    </LocalizedNames>
    <Descriptions />
    <Version>1.0.1.2</Version>
    <Managed>0</Managed>
    <Publisher>
      <UniqueName>Bruce</UniqueName>
      <LocalizedNames>
        <LocalizedName description="Bruce" languagecode="1033" />
      </LocalizedNames>
      <Descriptions />
      <EMailAddress xsi:nil="true"></EMailAddress>
      <SupportingWebsiteUrl xsi:nil="true"></SupportingWebsiteUrl>
      <CustomizationPrefix>bw</CustomizationPrefix>
      <CustomizationOptionValuePrefix>12133</CustomizationOptionValuePrefix>
      <Addresses>
        <Address>
          <AddressNumber>1</AddressNumber>
          <AddressTypeCode>1</AddressTypeCode>
          <City xsi:nil="true"></City>
          <County xsi:nil="true"></County>
          <Country xsi:nil="true"></Country>
          <Fax xsi:nil="true"></Fax>
          <FreightTermsCode xsi:nil="true"></FreightTermsCode>
          <ImportSequenceNumber xsi:nil="true"></ImportSequenceNumber>
          <Latitude xsi:nil="true"></Latitude>
          <Line1 xsi:nil="true"></Line1>
          <Line2 xsi:nil="true"></Line2>
          <Line3 xsi:nil="true"></Line3>
          <Longitude xsi:nil="true"></Longitude>
          <Name xsi:nil="true"></Name>
          <PostalCode xsi:nil="true"></PostalCode>
          <PostOfficeBox xsi:nil="true"></PostOfficeBox>
          <PrimaryContactName xsi:nil="true"></PrimaryContactName>
          <ShippingMethodCode>1</ShippingMethodCode>
          <StateOrProvince xsi:nil="true"></StateOrProvince>
          <Telephone1 xsi:nil="true"></Telephone1>
          <Telephone2 xsi:nil="true"></Telephone2>
          <Telephone3 xsi:nil="true"></Telephone3>
          <TimeZoneRuleVersionNumber xsi:nil="true"></TimeZoneRuleVersionNumber>
          <UPSZone xsi:nil="true"></UPSZone>
          <UTCOffset xsi:nil="true"></UTCOffset>
          <UTCConversionTimeZoneCode xsi:nil="true"></UTCConversionTimeZoneCode>
        </Address>
        <Address>
          <AddressNumber>2</AddressNumber>
          <AddressTypeCode>1</AddressTypeCode>
          <City xsi:nil="true"></City>
          <County xsi:nil="true"></County>
          <Country xsi:nil="true"></Country>
          <Fax xsi:nil="true"></Fax>
          <FreightTermsCode xsi:nil="true"></FreightTermsCode>
          <ImportSequenceNumber xsi:nil="true"></ImportSequenceNumber>
          <Latitude xsi:nil="true"></Latitude>
          <Line1 xsi:nil="true"></Line1>
          <Line2 xsi:nil="true"></Line2>
          <Line3 xsi:nil="true"></Line3>
          <Longitude xsi:nil="true"></Longitude>
          <Name xsi:nil="true"></Name>
          <PostalCode xsi:nil="true"></PostalCode>
          <PostOfficeBox xsi:nil="true"></PostOfficeBox>
          <PrimaryContactName xsi:nil="true"></PrimaryContactName>
          <ShippingMethodCode>1</ShippingMethodCode>
          <StateOrProvince xsi:nil="true"></StateOrProvince>
          <Telephone1 xsi:nil="true"></Telephone1>
          <Telephone2 xsi:nil="true"></Telephone2>
          <Telephone3 xsi:nil="true"></Telephone3>
          <TimeZoneRuleVersionNumber xsi:nil="true"></TimeZoneRuleVersionNumber>
          <UPSZone xsi:nil="true"></UPSZone>
          <UTCOffset xsi:nil="true"></UTCOffset>
          <UTCConversionTimeZoneCode xsi:nil="true"></UTCConversionTimeZoneCode>
        </Address>
      </Addresses>
    </Publisher>
    <RootComponents>
      <RootComponent type="1" schemaName="bw_followup" behavior="0" />
      <RootComponent type="1" schemaName="bw_followupdocument" behavior="0" />
      <RootComponent type="1" schemaName="contact" behavior="2" />
      <RootComponent type="1" schemaName="incident" behavior="2" />
      <RootComponent type="9" schemaName="bw_followuptype" behavior="0" />
      <RootComponent type="20" id="{0ef27088-280d-ee11-8f6e-000d3a673ae0}" behavior="0" />
      <RootComponent type="20" id="{3c4a7161-280d-ee11-8f6e-000d3a673ae0}" behavior="0" />
      <RootComponent type="20" id="{ce5b583b-1e0d-ee11-8f6e-000d3a673ae0}" behavior="0" />
      <RootComponent type="20" id="{d590ca7f-280d-ee11-8f6e-000d3a673ae0}" behavior="0" />
      <RootComponent type="29" id="{8cc62c5b-b70d-ee11-8f6d-000d3a6731d9}" behavior="0" />
      <RootComponent type="61" schemaName="bw_TfLCase.js" behavior="0" />
      <RootComponent type="62" schemaName="bw_CCO" behavior="0" />
      <RootComponent type="80" schemaName="bw_CCO" behavior="0" />
      <RootComponent type="91" id="{fe88947f-e5e9-49af-9eb8-b0483e5e0062}" schemaName="StopCaseResolution, Version=1.0.1.0, Culture=neutral, PublicKeyToken=3a411bf9e4084959" behavior="0" />
      <RootComponent type="92" id="{e54e93db-2c0d-ee11-8f6e-000d3a673ae0}" behavior="0" />
      <RootComponent type="300" schemaName="bw_ccodefaultcommandlibrary_e9a10" behavior="0" />
      <RootComponent type="431" schemaName="bw_followupdocument bw_image" behavior="0" />
      <RootComponent type="432" schemaName="bw_followupdocument" behavior="0" />
    </RootComponents>
    <MissingDependencies>
      <MissingDependency>
        <Required type="1" schemaName="contract" displayName="Contract" solution="msdynce_Service (9.0.5.56)" />
        <Dependent type="60" displayName="TfL Case" parentDisplayName="Case" id="{70e7c1fc-1d0d-ee11-8f6e-002248a01f16}" />
      </MissingDependency>
      <MissingDependency>
        <Required type="1" schemaName="entitlement" displayName="Entitlement" solution="msdynce_Service (9.0.5.56)" />
        <Dependent type="60" displayName="TfL Contact" parentDisplayName="Contact" id="{0541bfdb-1d0d-ee11-8f6e-000d3a6736b4}" />
      </MissingDependency>
      <MissingDependency>
        <Required type="1" schemaName="incident" displayName="Case" solution="msdynce_Service (9.0.5.56)" />
        <Dependent type="1" schemaName="incident" displayName="Case" />
      </MissingDependency>
      <MissingDependency>
        <Required type="1" schemaName="incident" displayName="Case" solution="msdynce_Service (9.0.5.56)" />
        <Dependent type="10" schemaName="bw_FollowUp_N1_CaseId" displayName="bw_FollowUp_N1_CaseId" parentSchemaName="incident" parentDisplayName="Case" />
      </MissingDependency>
      <MissingDependency>
        <Required type="1" schemaName="incident" displayName="Case" solution="msdynce_Service (9.0.5.56)" />
        <Dependent type="2" schemaName="bw_confidential" displayName="Confidential" parentSchemaName="incident" parentDisplayName="Case" />
      </MissingDependency>
      <MissingDependency>
        <Required type="1" schemaName="incident" displayName="Case" solution="msdynce_Service (9.0.5.56)" />
        <Dependent type="26" schemaName="TfL Active Cases" displayName="TfL Active Cases" parentSchemaName="incident" parentDisplayName="Case" id="{37431fa6-3a0d-ee11-8f6e-000d3a6737ae}" />
      </MissingDependency>
      <MissingDependency>
        <Required type="1" schemaName="incident" displayName="Case" solution="msdynce_Service (9.0.5.56)" />
        <Dependent type="26" schemaName="TfL My Active Cases" displayName="TfL My Active Cases" parentSchemaName="incident" parentDisplayName="Case" id="{531fd2ca-3a0d-ee11-8f6e-002248a01f16}" />
      </MissingDependency>
      <MissingDependency>
        <Required type="1" schemaName="incident" displayName="Case" solution="msdynce_Service (9.0.5.56)" />
        <Dependent type="26" schemaName="TfL All Cases" displayName="TfL All Cases" parentSchemaName="incident" parentDisplayName="Case" id="{7fbf5eb8-3a0d-ee11-8f6e-000d3a673ae0}" />
      </MissingDependency>
      <MissingDependency>
        <Required type="1" schemaName="incident" displayName="Case" solution="msdynce_Service (9.0.5.56)" />
        <Dependent type="29" displayName="Initialise Follow Up" id="{8cc62c5b-b70d-ee11-8f6d-000d3a6731d9}" />
      </MissingDependency>
      <MissingDependency>
        <Required type="1" schemaName="incident" displayName="Case" solution="msdynce_Service (9.0.5.56)" />
        <Dependent type="300" schemaName="bw_ccodefaultcommandlibrary_e9a10" displayName="CCO_DefaultCommandLibrary" />
      </MissingDependency>
      <MissingDependency>
        <Required type="1" schemaName="incident" displayName="Case" solution="msdynce_Service (9.0.5.56)" />
        <Dependent type="60" displayName="TfL Contact" parentDisplayName="Contact" id="{0541bfdb-1d0d-ee11-8f6e-000d3a6736b4}" />
      </MissingDependency>
      <MissingDependency>
        <Required type="1" schemaName="incident" displayName="Case" solution="msdynce_Service (9.0.5.56)" />
        <Dependent type="60" displayName="TfL Case" parentDisplayName="Case" id="{70e7c1fc-1d0d-ee11-8f6e-002248a01f16}" />
      </MissingDependency>
      <MissingDependency>
        <Required type="1" schemaName="incident" displayName="Case" solution="msdynce_Service (9.0.5.56)" />
        <Dependent type="62" schemaName="bw_CCO" />
      </MissingDependency>
      <MissingDependency>
        <Required type="1" schemaName="incident" displayName="Case" solution="msdynce_Service (9.0.5.56)" />
        <Dependent type="80" schemaName="bw_CCO" displayName="CCO" />
      </MissingDependency>
      <MissingDependency>
        <Required type="1" schemaName="incident" displayName="Case" solution="msdynce_Service (9.0.5.56)" />
        <Dependent type="92" displayName="StopCaseResolution.StopCaseResolutionPlugin: Close of incident" id="{e54e93db-2c0d-ee11-8f6e-000d3a673ae0}" />
      </MissingDependency>
      <MissingDependency>
        <Required type="1" schemaName="incident" displayName="Case" solution="msdynce_Service (9.0.5.56)" />
        <Dependent type="appaction" displayName="bw__ConfidentialFollo!aad39a8d33f74dac9549a9f348f08d7e!bw_CCO!incident!0" id.uniquename="bw__ConfidentialFollo!aad39a8d33f74dac9549a9f348f08d7e!bw_CCO!incident!0" />
      </MissingDependency>
      <MissingDependency>
        <Required type="1" schemaName="incident" displayName="Case" solution="msdynce_Service (9.0.5.56)" />
        <Dependent type="appaction" displayName="bw__Escalation!3372dc6207ee49f390d8c7575183057a!bw_CCO!incident!0" id.uniquename="bw__Escalation!3372dc6207ee49f390d8c7575183057a!bw_CCO!incident!0" />
      </MissingDependency>
      <MissingDependency>
        <Required type="1" schemaName="knowledgearticleincident" displayName="Knowledge Article Incident" solution="msdynce_Service (9.0.5.56)" />
        <Dependent type="60" displayName="TfL Case" parentDisplayName="Case" id="{70e7c1fc-1d0d-ee11-8f6e-002248a01f16}" />
      </MissingDependency>
      <MissingDependency>
        <Required type="1" schemaName="opportunity" displayName="Opportunity" solution="msdynce_Sales (9.0.4.0076)">
          <package>msdynce_SalesAnchor (9.0.23053.10003)</package>
        </Required>
        <Dependent type="60" displayName="TfL Contact" parentDisplayName="Contact" id="{0541bfdb-1d0d-ee11-8f6e-000d3a6736b4}" />
      </MissingDependency>
      <MissingDependency>
        <Required type="2" schemaName="businesscard" displayName="Business Card" parentSchemaName="contact" parentDisplayName="Contact" solution="msdynce_SalesPatch201904 (9.0.1912.1007)">
          <package>msdynce_SalesAnchor (9.0.23053.10003)</package>
        </Required>
        <Dependent type="60" displayName="TfL Contact" parentDisplayName="Contact" id="{0541bfdb-1d0d-ee11-8f6e-000d3a6736b4}" />
      </MissingDependency>
      <MissingDependency>
        <Required type="2" schemaName="businesscardattributes" displayName="BusinessCardAttributes" parentSchemaName="contact" parentDisplayName="Contact" solution="msdynce_SalesPatch201904 (9.0.1912.1007)">
          <package>msdynce_SalesAnchor (9.0.23053.10003)</package>
        </Required>
        <Dependent type="60" displayName="TfL Contact" parentDisplayName="Contact" id="{0541bfdb-1d0d-ee11-8f6e-000d3a6736b4}" />
      </MissingDependency>
      <MissingDependency>
        <Required type="2" schemaName="originatingleadid" displayName="Originating Lead" parentSchemaName="contact" parentDisplayName="Contact" solution="msdynce_LeadManagement (9.0.4.0066)">
          <package>msdynce_LeadManagementAnchor (9.0.23053.10001)</package>
        </Required>
        <Dependent type="60" displayName="TfL Contact" parentDisplayName="Contact" id="{0541bfdb-1d0d-ee11-8f6e-000d3a6736b4}" />
      </MissingDependency>
      <MissingDependency>
        <Required type="2" schemaName="blockedprofile" displayName="Blocked Profile" parentSchemaName="incident" parentDisplayName="Case" solution="msdynce_Service (9.0.5.56)" />
        <Dependent type="60" displayName="TfL Case" parentDisplayName="Case" id="{70e7c1fc-1d0d-ee11-8f6e-002248a01f16}" />
      </MissingDependency>
      <MissingDependency>
        <Required type="2" schemaName="caseorigincode" displayName="Origin" parentSchemaName="incident" parentDisplayName="Case" solution="msdynce_Service (9.0.5.56)" />
        <Dependent type="26" schemaName="TfL Active Cases" displayName="TfL Active Cases" parentSchemaName="incident" parentDisplayName="Case" id="{37431fa6-3a0d-ee11-8f6e-000d3a6737ae}" />
      </MissingDependency>
      <MissingDependency>
        <Required type="2" schemaName="caseorigincode" displayName="Origin" parentSchemaName="incident" parentDisplayName="Case" solution="msdynce_Service (9.0.5.56)" />
        <Dependent type="26" schemaName="TfL My Active Cases" displayName="TfL My Active Cases" parentSchemaName="incident" parentDisplayName="Case" id="{531fd2ca-3a0d-ee11-8f6e-002248a01f16}" />
      </MissingDependency>
      <MissingDependency>
        <Required type="2" schemaName="caseorigincode" displayName="Origin" parentSchemaName="incident" parentDisplayName="Case" solution="msdynce_Service (9.0.5.56)" />
        <Dependent type="26" schemaName="TfL All Cases" displayName="TfL All Cases" parentSchemaName="incident" parentDisplayName="Case" id="{7fbf5eb8-3a0d-ee11-8f6e-000d3a673ae0}" />
      </MissingDependency>
      <MissingDependency>
        <Required type="2" schemaName="caseorigincode" displayName="Origin" parentSchemaName="incident" parentDisplayName="Case" solution="msdynce_Service (9.0.5.56)" />
        <Dependent type="60" displayName="TfL Case" parentDisplayName="Case" id="{70e7c1fc-1d0d-ee11-8f6e-002248a01f16}" />
      </MissingDependency>
      <MissingDependency>
        <Required type="2" schemaName="casetypecode" displayName="Case Type" parentSchemaName="incident" parentDisplayName="Case" solution="msdynce_Service (9.0.5.56)" />
        <Dependent type="60" displayName="TfL Case" parentDisplayName="Case" id="{70e7c1fc-1d0d-ee11-8f6e-002248a01f16}" />
      </MissingDependency>
      <MissingDependency>
        <Required type="2" schemaName="contractdetailid" displayName="Contract Line" parentSchemaName="incident" parentDisplayName="Case" solution="msdynce_Service (9.0.5.56)" />
        <Dependent type="60" displayName="TfL Case" parentDisplayName="Case" id="{70e7c1fc-1d0d-ee11-8f6e-002248a01f16}" />
      </MissingDependency>
      <MissingDependency>
        <Required type="2" schemaName="contractid" displayName="Contract" parentSchemaName="incident" parentDisplayName="Case" solution="msdynce_Service (9.0.5.56)" />
        <Dependent type="60" displayName="TfL Case" parentDisplayName="Case" id="{70e7c1fc-1d0d-ee11-8f6e-002248a01f16}" />
      </MissingDependency>
      <MissingDependency>
        <Required type="2" schemaName="contractservicelevelcode" displayName="Service Level" parentSchemaName="incident" parentDisplayName="Case" solution="msdynce_Service (9.0.5.56)" />
        <Dependent type="60" displayName="TfL Case" parentDisplayName="Case" id="{70e7c1fc-1d0d-ee11-8f6e-002248a01f16}" />
      </MissingDependency>
      <MissingDependency>
        <Required type="2" schemaName="createdon" displayName="Created On" parentSchemaName="incident" parentDisplayName="Case" solution="msdynce_Service (9.0.5.56)" />
        <Dependent type="26" schemaName="TfL Active Cases" displayName="TfL Active Cases" parentSchemaName="incident" parentDisplayName="Case" id="{37431fa6-3a0d-ee11-8f6e-000d3a6737ae}" />
      </MissingDependency>
      <MissingDependency>
        <Required type="2" schemaName="createdon" displayName="Created On" parentSchemaName="incident" parentDisplayName="Case" solution="msdynce_Service (9.0.5.56)" />
        <Dependent type="26" schemaName="TfL My Active Cases" displayName="TfL My Active Cases" parentSchemaName="incident" parentDisplayName="Case" id="{531fd2ca-3a0d-ee11-8f6e-002248a01f16}" />
      </MissingDependency>
      <MissingDependency>
        <Required type="2" schemaName="createdon" displayName="Created On" parentSchemaName="incident" parentDisplayName="Case" solution="msdynce_Service (9.0.5.56)" />
        <Dependent type="26" schemaName="TfL All Cases" displayName="TfL All Cases" parentSchemaName="incident" parentDisplayName="Case" id="{7fbf5eb8-3a0d-ee11-8f6e-000d3a673ae0}" />
      </MissingDependency>
      <MissingDependency>
        <Required type="2" schemaName="createdon" displayName="Created On" parentSchemaName="incident" parentDisplayName="Case" solution="msdynce_Service (9.0.5.56)" />
        <Dependent type="60" displayName="TfL Case" parentDisplayName="Case" id="{70e7c1fc-1d0d-ee11-8f6e-002248a01f16}" />
      </MissingDependency>
      <MissingDependency>
        <Required type="2" schemaName="customerid" displayName="Customer" parentSchemaName="incident" parentDisplayName="Case" solution="msdynce_Service (9.0.5.56)" />
        <Dependent type="26" schemaName="TfL Active Cases" displayName="TfL Active Cases" parentSchemaName="incident" parentDisplayName="Case" id="{37431fa6-3a0d-ee11-8f6e-000d3a6737ae}" />
      </MissingDependency>
      <MissingDependency>
        <Required type="2" schemaName="customerid" displayName="Customer" parentSchemaName="incident" parentDisplayName="Case" solution="msdynce_Service (9.0.5.56)" />
        <Dependent type="26" schemaName="TfL My Active Cases" displayName="TfL My Active Cases" parentSchemaName="incident" parentDisplayName="Case" id="{531fd2ca-3a0d-ee11-8f6e-002248a01f16}" />
      </MissingDependency>
      <MissingDependency>
        <Required type="2" schemaName="customerid" displayName="Customer" parentSchemaName="incident" parentDisplayName="Case" solution="msdynce_Service (9.0.5.56)" />
        <Dependent type="26" schemaName="TfL All Cases" displayName="TfL All Cases" parentSchemaName="incident" parentDisplayName="Case" id="{7fbf5eb8-3a0d-ee11-8f6e-000d3a673ae0}" />
      </MissingDependency>
      <MissingDependency>
        <Required type="2" schemaName="customerid" displayName="Customer" parentSchemaName="incident" parentDisplayName="Case" solution="msdynce_Service (9.0.5.56)" />
        <Dependent type="60" displayName="TfL Case" parentDisplayName="Case" id="{70e7c1fc-1d0d-ee11-8f6e-002248a01f16}" />
      </MissingDependency>
      <MissingDependency>
        <Required type="2" schemaName="description" displayName="Description" parentSchemaName="incident" parentDisplayName="Case" solution="msdynce_Service (9.0.5.56)" />
        <Dependent type="60" displayName="TfL Case" parentDisplayName="Case" id="{70e7c1fc-1d0d-ee11-8f6e-002248a01f16}" />
      </MissingDependency>
      <MissingDependency>
        <Required type="2" schemaName="entitlementid" displayName="Entitlement" parentSchemaName="incident" parentDisplayName="Case" solution="msdynce_Service (9.0.5.56)" />
        <Dependent type="60" displayName="TfL Case" parentDisplayName="Case" id="{70e7c1fc-1d0d-ee11-8f6e-002248a01f16}" />
      </MissingDependency>
      <MissingDependency>
        <Required type="2" schemaName="escalatedon" displayName="Escalated On" parentSchemaName="incident" parentDisplayName="Case" solution="msdynce_Service (9.0.5.56)" />
        <Dependent type="60" displayName="TfL Case" parentDisplayName="Case" id="{70e7c1fc-1d0d-ee11-8f6e-002248a01f16}" />
      </MissingDependency>
      <MissingDependency>
        <Required type="2" schemaName="firstresponsebykpiid" displayName="First Response By KPI" parentSchemaName="incident" parentDisplayName="Case" solution="msdynce_Service (9.0.5.56)" />
        <Dependent type="60" displayName="TfL Case" parentDisplayName="Case" id="{70e7c1fc-1d0d-ee11-8f6e-002248a01f16}" />
      </MissingDependency>
      <MissingDependency>
        <Required type="2" schemaName="firstresponsesent" displayName="First Response Sent" parentSchemaName="incident" parentDisplayName="Case" solution="msdynce_Service (9.0.5.56)" />
        <Dependent type="60" displayName="TfL Case" parentDisplayName="Case" id="{70e7c1fc-1d0d-ee11-8f6e-002248a01f16}" />
      </MissingDependency>
      <MissingDependency>
        <Required type="2" schemaName="followupby" displayName="Follow Up By" parentSchemaName="incident" parentDisplayName="Case" solution="msdynce_Service (9.0.5.56)" />
        <Dependent type="60" displayName="TfL Case" parentDisplayName="Case" id="{70e7c1fc-1d0d-ee11-8f6e-002248a01f16}" />
      </MissingDependency>
      <MissingDependency>
        <Required type="2" schemaName="incidentid" displayName="Case" parentSchemaName="incident" parentDisplayName="Case" solution="msdynce_Service (9.0.5.56)" />
        <Dependent type="10" schemaName="bw_FollowUp_N1_CaseId" displayName="bw_FollowUp_N1_CaseId" parentSchemaName="incident" parentDisplayName="Case" />
      </MissingDependency>
      <MissingDependency>
        <Required type="2" schemaName="incidentid" displayName="Case" parentSchemaName="incident" parentDisplayName="Case" solution="msdynce_Service (9.0.5.56)" />
        <Dependent type="26" schemaName="TfL Active Cases" displayName="TfL Active Cases" parentSchemaName="incident" parentDisplayName="Case" id="{37431fa6-3a0d-ee11-8f6e-000d3a6737ae}" />
      </MissingDependency>
      <MissingDependency>
        <Required type="2" schemaName="incidentid" displayName="Case" parentSchemaName="incident" parentDisplayName="Case" solution="msdynce_Service (9.0.5.56)" />
        <Dependent type="26" schemaName="TfL My Active Cases" displayName="TfL My Active Cases" parentSchemaName="incident" parentDisplayName="Case" id="{531fd2ca-3a0d-ee11-8f6e-002248a01f16}" />
      </MissingDependency>
      <MissingDependency>
        <Required type="2" schemaName="incidentid" displayName="Case" parentSchemaName="incident" parentDisplayName="Case" solution="msdynce_Service (9.0.5.56)" />
        <Dependent type="26" schemaName="TfL All Cases" displayName="TfL All Cases" parentSchemaName="incident" parentDisplayName="Case" id="{7fbf5eb8-3a0d-ee11-8f6e-000d3a673ae0}" />
      </MissingDependency>
      <MissingDependency>
        <Required type="2" schemaName="influencescore" displayName="Influence Score" parentSchemaName="incident" parentDisplayName="Case" solution="msdynce_Service (9.0.5.56)" />
        <Dependent type="60" displayName="TfL Case" parentDisplayName="Case" id="{70e7c1fc-1d0d-ee11-8f6e-002248a01f16}" />
      </MissingDependency>
      <MissingDependency>
        <Required type="2" schemaName="isescalated" displayName="Is Escalated" parentSchemaName="incident" parentDisplayName="Case" solution="msdynce_Service (9.0.5.56)" />
        <Dependent type="60" displayName="TfL Case" parentDisplayName="Case" id="{70e7c1fc-1d0d-ee11-8f6e-002248a01f16}" />
      </MissingDependency>
      <MissingDependency>
        <Required type="2" schemaName="kbarticleid" displayName="Knowledge Base Article" parentSchemaName="incident" parentDisplayName="Case" solution="msdynce_Service (9.0.5.56)" />
        <Dependent type="60" displayName="TfL Case" parentDisplayName="Case" id="{70e7c1fc-1d0d-ee11-8f6e-002248a01f16}" />
      </MissingDependency>
      <MissingDependency>
        <Required type="2" schemaName="messagetypecode" displayName="Received As" parentSchemaName="incident" parentDisplayName="Case" solution="msdynce_Service (9.0.5.56)" />
        <Dependent type="60" displayName="TfL Case" parentDisplayName="Case" id="{70e7c1fc-1d0d-ee11-8f6e-002248a01f16}" />
      </MissingDependency>
      <MissingDependency>
        <Required type="2" schemaName="ownerid" displayName="Owner" parentSchemaName="incident" parentDisplayName="Case" solution="msdynce_Service (9.0.5.56)" />
        <Dependent type="26" schemaName="TfL Active Cases" displayName="TfL Active Cases" parentSchemaName="incident" parentDisplayName="Case" id="{37431fa6-3a0d-ee11-8f6e-000d3a6737ae}" />
      </MissingDependency>
      <MissingDependency>
        <Required type="2" schemaName="ownerid" displayName="Owner" parentSchemaName="incident" parentDisplayName="Case" solution="msdynce_Service (9.0.5.56)" />
        <Dependent type="26" schemaName="TfL My Active Cases" displayName="TfL My Active Cases" parentSchemaName="incident" parentDisplayName="Case" id="{531fd2ca-3a0d-ee11-8f6e-002248a01f16}" />
      </MissingDependency>
      <MissingDependency>
        <Required type="2" schemaName="ownerid" displayName="Owner" parentSchemaName="incident" parentDisplayName="Case" solution="msdynce_Service (9.0.5.56)" />
        <Dependent type="26" schemaName="TfL All Cases" displayName="TfL All Cases" parentSchemaName="incident" parentDisplayName="Case" id="{7fbf5eb8-3a0d-ee11-8f6e-000d3a673ae0}" />
      </MissingDependency>
      <MissingDependency>
        <Required type="2" schemaName="ownerid" displayName="Owner" parentSchemaName="incident" parentDisplayName="Case" solution="msdynce_Service (9.0.5.56)" />
        <Dependent type="60" displayName="TfL Case" parentDisplayName="Case" id="{70e7c1fc-1d0d-ee11-8f6e-002248a01f16}" />
      </MissingDependency>
      <MissingDependency>
        <Required type="2" schemaName="parentcaseid" displayName="Parent Case" parentSchemaName="incident" parentDisplayName="Case" solution="msdynce_Service (9.0.5.56)" />
        <Dependent type="60" displayName="TfL Case" parentDisplayName="Case" id="{70e7c1fc-1d0d-ee11-8f6e-002248a01f16}" />
      </MissingDependency>
      <MissingDependency>
        <Required type="2" schemaName="primarycontactid" displayName="Contact" parentSchemaName="incident" parentDisplayName="Case" solution="msdynce_Service (9.0.5.56)" />
        <Dependent type="60" displayName="TfL Case" parentDisplayName="Case" id="{70e7c1fc-1d0d-ee11-8f6e-002248a01f16}" />
      </MissingDependency>
      <MissingDependency>
        <Required type="2" schemaName="prioritycode" displayName="Priority" parentSchemaName="incident" parentDisplayName="Case" solution="msdynce_Service (9.0.5.56)" />
        <Dependent type="26" schemaName="TfL Active Cases" displayName="TfL Active Cases" parentSchemaName="incident" parentDisplayName="Case" id="{37431fa6-3a0d-ee11-8f6e-000d3a6737ae}" />
      </MissingDependency>
      <MissingDependency>
        <Required type="2" schemaName="prioritycode" displayName="Priority" parentSchemaName="incident" parentDisplayName="Case" solution="msdynce_Service (9.0.5.56)" />
        <Dependent type="26" schemaName="TfL My Active Cases" displayName="TfL My Active Cases" parentSchemaName="incident" parentDisplayName="Case" id="{531fd2ca-3a0d-ee11-8f6e-002248a01f16}" />
      </MissingDependency>
      <MissingDependency>
        <Required type="2" schemaName="prioritycode" displayName="Priority" parentSchemaName="incident" parentDisplayName="Case" solution="msdynce_Service (9.0.5.56)" />
        <Dependent type="26" schemaName="TfL All Cases" displayName="TfL All Cases" parentSchemaName="incident" parentDisplayName="Case" id="{7fbf5eb8-3a0d-ee11-8f6e-000d3a673ae0}" />
      </MissingDependency>
      <MissingDependency>
        <Required type="2" schemaName="prioritycode" displayName="Priority" parentSchemaName="incident" parentDisplayName="Case" solution="msdynce_Service (9.0.5.56)" />
        <Dependent type="60" displayName="TfL Case" parentDisplayName="Case" id="{70e7c1fc-1d0d-ee11-8f6e-002248a01f16}" />
      </MissingDependency>
      <MissingDependency>
        <Required type="2" schemaName="productid" displayName="Product" parentSchemaName="incident" parentDisplayName="Case" solution="msdynce_Service (9.0.5.56)" />
        <Dependent type="60" displayName="TfL Case" parentDisplayName="Case" id="{70e7c1fc-1d0d-ee11-8f6e-002248a01f16}" />
      </MissingDependency>
      <MissingDependency>
        <Required type="2" schemaName="productserialnumber" displayName="Serial Number" parentSchemaName="incident" parentDisplayName="Case" solution="msdynce_Service (9.0.5.56)" />
        <Dependent type="60" displayName="TfL Case" parentDisplayName="Case" id="{70e7c1fc-1d0d-ee11-8f6e-002248a01f16}" />
      </MissingDependency>
      <MissingDependency>
        <Required type="2" schemaName="resolveby" displayName="Resolve By" parentSchemaName="incident" parentDisplayName="Case" solution="msdynce_Service (9.0.5.56)" />
        <Dependent type="60" displayName="TfL Case" parentDisplayName="Case" id="{70e7c1fc-1d0d-ee11-8f6e-002248a01f16}" />
      </MissingDependency>
      <MissingDependency>
        <Required type="2" schemaName="resolvebykpiid" displayName="Resolve By KPI" parentSchemaName="incident" parentDisplayName="Case" solution="msdynce_Service (9.0.5.56)" />
        <Dependent type="60" displayName="TfL Case" parentDisplayName="Case" id="{70e7c1fc-1d0d-ee11-8f6e-002248a01f16}" />
      </MissingDependency>
      <MissingDependency>
        <Required type="2" schemaName="responseby" displayName="First Response By" parentSchemaName="incident" parentDisplayName="Case" solution="msdynce_Service (9.0.5.56)" />
        <Dependent type="60" displayName="TfL Case" parentDisplayName="Case" id="{70e7c1fc-1d0d-ee11-8f6e-002248a01f16}" />
      </MissingDependency>
      <MissingDependency>
        <Required type="2" schemaName="routecase" displayName="Route Case" parentSchemaName="incident" parentDisplayName="Case" solution="msdynce_Service (9.0.5.56)" />
        <Dependent type="60" displayName="TfL Case" parentDisplayName="Case" id="{70e7c1fc-1d0d-ee11-8f6e-002248a01f16}" />
      </MissingDependency>
      <MissingDependency>
        <Required type="2" schemaName="sentimentvalue" displayName="Sentiment Value" parentSchemaName="incident" parentDisplayName="Case" solution="msdynce_Service (9.0.5.56)" />
        <Dependent type="60" displayName="TfL Case" parentDisplayName="Case" id="{70e7c1fc-1d0d-ee11-8f6e-002248a01f16}" />
      </MissingDependency>
      <MissingDependency>
        <Required type="2" schemaName="socialprofileid" displayName="Social Profile" parentSchemaName="incident" parentDisplayName="Case" solution="msdynce_Service (9.0.5.56)" />
        <Dependent type="60" displayName="TfL Case" parentDisplayName="Case" id="{70e7c1fc-1d0d-ee11-8f6e-002248a01f16}" />
      </MissingDependency>
      <MissingDependency>
        <Required type="2" schemaName="statecode" displayName="Status" parentSchemaName="incident" parentDisplayName="Case" solution="msdynce_Service (9.0.5.56)" />
        <Dependent type="26" schemaName="TfL Active Cases" displayName="TfL Active Cases" parentSchemaName="incident" parentDisplayName="Case" id="{37431fa6-3a0d-ee11-8f6e-000d3a6737ae}" />
      </MissingDependency>
      <MissingDependency>
        <Required type="2" schemaName="statecode" displayName="Status" parentSchemaName="incident" parentDisplayName="Case" solution="msdynce_Service (9.0.5.56)" />
        <Dependent type="26" schemaName="TfL My Active Cases" displayName="TfL My Active Cases" parentSchemaName="incident" parentDisplayName="Case" id="{531fd2ca-3a0d-ee11-8f6e-002248a01f16}" />
      </MissingDependency>
      <MissingDependency>
        <Required type="2" schemaName="statecode" displayName="Status" parentSchemaName="incident" parentDisplayName="Case" solution="msdynce_Service (9.0.5.56)" />
        <Dependent type="26" schemaName="TfL All Cases" displayName="TfL All Cases" parentSchemaName="incident" parentDisplayName="Case" id="{7fbf5eb8-3a0d-ee11-8f6e-000d3a673ae0}" />
      </MissingDependency>
      <MissingDependency>
        <Required type="2" schemaName="statuscode" displayName="Status Reason" parentSchemaName="incident" parentDisplayName="Case" solution="msdynce_Service (9.0.5.56)" />
        <Dependent type="26" schemaName="TfL Active Cases" displayName="TfL Active Cases" parentSchemaName="incident" parentDisplayName="Case" id="{37431fa6-3a0d-ee11-8f6e-000d3a6737ae}" />
      </MissingDependency>
      <MissingDependency>
        <Required type="2" schemaName="statuscode" displayName="Status Reason" parentSchemaName="incident" parentDisplayName="Case" solution="msdynce_Service (9.0.5.56)" />
        <Dependent type="26" schemaName="TfL My Active Cases" displayName="TfL My Active Cases" parentSchemaName="incident" parentDisplayName="Case" id="{531fd2ca-3a0d-ee11-8f6e-002248a01f16}" />
      </MissingDependency>
      <MissingDependency>
        <Required type="2" schemaName="statuscode" displayName="Status Reason" parentSchemaName="incident" parentDisplayName="Case" solution="msdynce_Service (9.0.5.56)" />
        <Dependent type="60" displayName="TfL Case" parentDisplayName="Case" id="{70e7c1fc-1d0d-ee11-8f6e-002248a01f16}" />
      </MissingDependency>
      <MissingDependency>
        <Required type="2" schemaName="subjectid" displayName="Subject" parentSchemaName="incident" parentDisplayName="Case" solution="msdynce_Service (9.0.5.56)" />
        <Dependent type="60" displayName="TfL Case" parentDisplayName="Case" id="{70e7c1fc-1d0d-ee11-8f6e-002248a01f16}" />
      </MissingDependency>
      <MissingDependency>
        <Required type="2" schemaName="ticketnumber" displayName="Case Number" parentSchemaName="incident" parentDisplayName="Case" solution="msdynce_Service (9.0.5.56)" />
        <Dependent type="26" schemaName="TfL Active Cases" displayName="TfL Active Cases" parentSchemaName="incident" parentDisplayName="Case" id="{37431fa6-3a0d-ee11-8f6e-000d3a6737ae}" />
      </MissingDependency>
      <MissingDependency>
        <Required type="2" schemaName="ticketnumber" displayName="Case Number" parentSchemaName="incident" parentDisplayName="Case" solution="msdynce_Service (9.0.5.56)" />
        <Dependent type="26" schemaName="TfL My Active Cases" displayName="TfL My Active Cases" parentSchemaName="incident" parentDisplayName="Case" id="{531fd2ca-3a0d-ee11-8f6e-002248a01f16}" />
      </MissingDependency>
      <MissingDependency>
        <Required type="2" schemaName="ticketnumber" displayName="Case Number" parentSchemaName="incident" parentDisplayName="Case" solution="msdynce_Service (9.0.5.56)" />
        <Dependent type="26" schemaName="TfL All Cases" displayName="TfL All Cases" parentSchemaName="incident" parentDisplayName="Case" id="{7fbf5eb8-3a0d-ee11-8f6e-000d3a673ae0}" />
      </MissingDependency>
      <MissingDependency>
        <Required type="2" schemaName="ticketnumber" displayName="Case Number" parentSchemaName="incident" parentDisplayName="Case" solution="msdynce_Service (9.0.5.56)" />
        <Dependent type="60" displayName="TfL Case" parentDisplayName="Case" id="{70e7c1fc-1d0d-ee11-8f6e-002248a01f16}" />
      </MissingDependency>
      <MissingDependency>
        <Required type="2" schemaName="title" displayName="Case Title" parentSchemaName="incident" parentDisplayName="Case" solution="msdynce_Service (9.0.5.56)" />
        <Dependent type="10" schemaName="bw_FollowUp_N1_CaseId" displayName="bw_FollowUp_N1_CaseId" parentSchemaName="incident" parentDisplayName="Case" />
      </MissingDependency>
      <MissingDependency>
        <Required type="2" schemaName="title" displayName="Case Title" parentSchemaName="incident" parentDisplayName="Case" solution="msdynce_Service (9.0.5.56)" />
        <Dependent type="26" schemaName="TfL Active Cases" displayName="TfL Active Cases" parentSchemaName="incident" parentDisplayName="Case" id="{37431fa6-3a0d-ee11-8f6e-000d3a6737ae}" />
      </MissingDependency>
      <MissingDependency>
        <Required type="2" schemaName="title" displayName="Case Title" parentSchemaName="incident" parentDisplayName="Case" solution="msdynce_Service (9.0.5.56)" />
        <Dependent type="26" schemaName="TfL My Active Cases" displayName="TfL My Active Cases" parentSchemaName="incident" parentDisplayName="Case" id="{531fd2ca-3a0d-ee11-8f6e-002248a01f16}" />
      </MissingDependency>
      <MissingDependency>
        <Required type="2" schemaName="title" displayName="Case Title" parentSchemaName="incident" parentDisplayName="Case" solution="msdynce_Service (9.0.5.56)" />
        <Dependent type="26" schemaName="TfL All Cases" displayName="TfL All Cases" parentSchemaName="incident" parentDisplayName="Case" id="{7fbf5eb8-3a0d-ee11-8f6e-000d3a673ae0}" />
      </MissingDependency>
      <MissingDependency>
        <Required type="2" schemaName="title" displayName="Case Title" parentSchemaName="incident" parentDisplayName="Case" solution="msdynce_Service (9.0.5.56)" />
        <Dependent type="60" displayName="TfL Case" parentDisplayName="Case" id="{70e7c1fc-1d0d-ee11-8f6e-002248a01f16}" />
      </MissingDependency>
      <MissingDependency>
        <Required type="26" schemaName="My Active Cases" displayName="My Active Cases" parentSchemaName="incident" parentDisplayName="Case" solution="msdynce_Service (9.0.5.56)" id="{00000000-0000-0000-00aa-000010001028}" />
        <Dependent type="60" displayName="TfL Contact" parentDisplayName="Contact" id="{0541bfdb-1d0d-ee11-8f6e-000d3a6736b4}" />
      </MissingDependency>
      <MissingDependency>
        <Required type="26" schemaName="My Open Opportunities" displayName="My Open Opportunities" parentSchemaName="opportunity" parentDisplayName="Opportunity" solution="msdynce_Sales (9.0.4.0076)" id="{00000000-0000-0000-00aa-000010003000}">
          <package>msdynce_SalesAnchor (9.0.23053.10003)</package>
        </Required>
        <Dependent type="60" displayName="TfL Contact" parentDisplayName="Contact" id="{0541bfdb-1d0d-ee11-8f6e-000d3a6736b4}" />
      </MissingDependency>
      <MissingDependency>
        <Required type="26" schemaName="Associated Knowledge Records View" displayName="Associated Knowledge Records View" parentSchemaName="knowledgearticleincident" parentDisplayName="Knowledge Article Incident" solution="msdynce_Service (9.0.5.56)" id="{4ce7d553-9bba-4d8f-b209-899af9d3937c}" />
        <Dependent type="60" displayName="TfL Case" parentDisplayName="Case" id="{70e7c1fc-1d0d-ee11-8f6e-002248a01f16}" />
      </MissingDependency>
      <MissingDependency>
        <Required type="26" schemaName="Active Products Lookup View" displayName="Active Products Lookup View" parentSchemaName="product" parentDisplayName="Product" solution="msdynce_ProductManagement (9.0.4.0066)" id="{58afc3c5-8add-4552-98cb-473bc8f75619}">
          <package>msdynce_ProductManagementAnchor (9.0.23053.10001)</package>
        </Required>
        <Dependent type="60" displayName="TfL Case" parentDisplayName="Case" id="{70e7c1fc-1d0d-ee11-8f6e-002248a01f16}" />
      </MissingDependency>
      <MissingDependency>
        <Required type="26" schemaName="Active Contracts" displayName="Active Contracts" parentSchemaName="contract" parentDisplayName="Contract" solution="msdynce_Service (9.0.5.56)" id="{646de3ee-ebfb-4d19-8a44-4a619505e188}" />
        <Dependent type="60" displayName="TfL Case" parentDisplayName="Case" id="{70e7c1fc-1d0d-ee11-8f6e-002248a01f16}" />
      </MissingDependency>
      <MissingDependency>
        <Required type="26" schemaName="Associated Cases" displayName="Associated Cases" parentSchemaName="incident" parentDisplayName="Case" solution="msdynce_Service (9.0.5.56)" id="{72210bbb-d9d5-42df-8efd-39395a3cd7a7}" />
        <Dependent type="60" displayName="TfL Case" parentDisplayName="Case" id="{70e7c1fc-1d0d-ee11-8f6e-002248a01f16}" />
      </MissingDependency>
      <MissingDependency>
        <Required type="26" schemaName="Contract Line With Allotments" displayName="Contract Line With Allotments" parentSchemaName="contractdetail" parentDisplayName="Contract Line" solution="msdynce_Service (9.0.5.56)" id="{8fa2705c-7e4c-4c0e-b611-4593b35a4c9e}" />
        <Dependent type="60" displayName="TfL Case" parentDisplayName="Case" id="{70e7c1fc-1d0d-ee11-8f6e-002248a01f16}" />
      </MissingDependency>
      <MissingDependency>
        <Required type="26" schemaName="Recent Opportunities" displayName="Recent Opportunities" parentSchemaName="opportunity" parentDisplayName="Opportunity" solution="msdynce_Sales (9.0.4.0076)" id="{9c3f7ee8-eca7-e211-9fb6-00155dd0ea05}">
          <package>msdynce_SalesAnchor (9.0.23053.10003)</package>
        </Required>
        <Dependent type="60" displayName="TfL Contact" parentDisplayName="Contact" id="{0541bfdb-1d0d-ee11-8f6e-000d3a6736b4}" />
      </MissingDependency>
      <MissingDependency>
        <Required type="26" schemaName="All Entitlements" displayName="All Entitlements" parentSchemaName="entitlement" parentDisplayName="Entitlement" solution="msdynce_Service (9.0.5.56)" id="{aa69e7e2-913a-4a5a-8609-8ca443554909}" />
        <Dependent type="60" displayName="TfL Contact" parentDisplayName="Contact" id="{0541bfdb-1d0d-ee11-8f6e-000d3a6736b4}" />
      </MissingDependency>
      <MissingDependency>
        <Required type="26" schemaName="Valid Entitlements for Cases" displayName="Valid Entitlements for Cases" parentSchemaName="entitlement" parentDisplayName="Entitlement" solution="msdynce_Service (9.0.5.56)" id="{e7ea283b-0490-4956-939b-3325e0798fb8}" />
        <Dependent type="60" displayName="TfL Case" parentDisplayName="Case" id="{70e7c1fc-1d0d-ee11-8f6e-002248a01f16}" />
      </MissingDependency>
      <MissingDependency>
        <Required type="26" schemaName="Recent Cases" displayName="Recent Cases" parentSchemaName="incident" parentDisplayName="Case" solution="msdynce_Service (9.0.5.56)" id="{ebd1d24a-eea7-e211-9fb6-00155dd0ea05}" />
        <Dependent type="60" displayName="TfL Contact" parentDisplayName="Contact" id="{0541bfdb-1d0d-ee11-8f6e-000d3a6736b4}" />
      </MissingDependency>
      <MissingDependency>
        <Required type="59" schemaName="Top Customers" displayName="Top Customers" parentSchemaName="opportunity" parentDisplayName="Opportunity" solution="msdynce_Sales (9.0.4.0076)" id="{8bc5fb18-48f2-4782-9e16-3d452fa4ddce}">
          <package>msdynce_SalesAnchor (9.0.23053.10003)</package>
        </Required>
        <Dependent type="60" displayName="TfL Contact" parentDisplayName="Contact" id="{0541bfdb-1d0d-ee11-8f6e-000d3a6736b4}" />
      </MissingDependency>
      <MissingDependency>
        <Required type="59" schemaName="Case Mix (By Business Unit)" displayName="Case Mix (By Business Unit)" parentSchemaName="incident" parentDisplayName="Case" solution="msdynce_Service (9.0.5.56)" id="{f10375a6-4893-de11-97d4-00155da3b01e}" />
        <Dependent type="60" displayName="TfL Contact" parentDisplayName="Contact" id="{0541bfdb-1d0d-ee11-8f6e-000d3a6736b4}" />
      </MissingDependency>
      <MissingDependency>
        <Required type="59" schemaName="Entitlements Expiration" displayName="Entitlements Expiration" parentSchemaName="entitlement" parentDisplayName="Entitlement" solution="msdynce_Service (9.0.5.56)" id="{fdb919bb-c6fc-4fc8-8fa5-67ace68e41d1}" />
        <Dependent type="60" displayName="TfL Contact" parentDisplayName="Contact" id="{0541bfdb-1d0d-ee11-8f6e-000d3a6736b4}" />
      </MissingDependency>
      <MissingDependency>
        <Required type="60" displayName="Customer profile" parentDisplayName="Contact" solution="OmnichannelBase (1.5.0.6027)" id="{05ea391a-d034-43fe-849b-b4fa3213a2b2}">
          <package>UnifiedRoutingPrimeAnchor (1.5.16.6555)</package>
        </Required>
        <Dependent type="80" schemaName="bw_CCO" displayName="CCO" />
      </MissingDependency>
      <MissingDependency>
        <Required type="60" displayName="Issue snapshot" parentDisplayName="Case" solution="OmnichannelPrime (1.5.0.1566)" id="{185177f7-780e-4897-a60a-32a245841ee9}" />
        <Dependent type="80" schemaName="bw_CCO" displayName="CCO" />
      </MissingDependency>
      <MissingDependency>
        <Required type="60" displayName="Resolve By SLA" parentDisplayName="SLA KPI Instance" solution="msdynce_ServiceLevelAgreement (9.0.23053.1004)" id="{19b14c51-3d43-4d56-ab34-49c540bf468c}">
          <package>msdynce_ServiceLevelAgreementAnchor (9.0.23053.1004)</package>
        </Required>
        <Dependent type="60" displayName="TfL Case" parentDisplayName="Case" id="{70e7c1fc-1d0d-ee11-8f6e-002248a01f16}" />
      </MissingDependency>
      <MissingDependency>
        <Required type="60" displayName="account contact card" parentDisplayName="Contact" solution="msdynce_AppCommon (9.0.4.0066)" id="{29de27bc-a257-4f29-99cf-bab4a84e688f}">
          <package>msdynce_AppCommonAnchor (9.0.23053.10002)</package>
        </Required>
        <Dependent type="60" displayName="TfL Contact" parentDisplayName="Contact" id="{0541bfdb-1d0d-ee11-8f6e-000d3a6736b4}" />
      </MissingDependency>
      <MissingDependency>
        <Required type="60" displayName="account contact card" parentDisplayName="Contact" solution="msdynce_AppCommon (9.0.4.0066)" id="{29de27bc-a257-4f29-99cf-bab4a84e688f}">
          <package>msdynce_AppCommonAnchor (9.0.23053.10002)</package>
        </Required>
        <Dependent type="80" schemaName="bw_CCO" displayName="CCO" />
      </MissingDependency>
      <MissingDependency>
        <Required type="60" displayName="App for Outlook Contact Quick View" parentDisplayName="Contact" solution="AppforOutlook (1.2.13.0)" id="{3d22ab88-96c8-4b3f-a533-d4827e2925c9}" />
        <Dependent type="80" schemaName="bw_CCO" displayName="CCO" />
      </MissingDependency>
      <MissingDependency>
        <Required type="60" displayName="Live Persona Card Form" parentDisplayName="Contact" solution="msdynce_AppCommonPatch201904 (9.0.23053.10002)" id="{449faa0e-f471-48ec-87d0-4719909546d2}">
          <package>msdynce_AppCommonAnchor (9.0.23053.10002)</package>
        </Required>
        <Dependent type="80" schemaName="bw_CCO" displayName="CCO" />
      </MissingDependency>
      <MissingDependency>
        <Required type="60" displayName="Cases for Customer" parentDisplayName="Contact" solution="OmnichannelPrime (1.5.0.1566)" id="{5194a156-576a-4fa1-bf1a-abf7a41b0e8c}" />
        <Dependent type="80" schemaName="bw_CCO" displayName="CCO" />
      </MissingDependency>
      <MissingDependency>
        <Required type="60" displayName="Contact Quick Create" parentDisplayName="Contact" solution="msdynce_AppCommon (9.0.4.0066)" id="{661157fe-2fc9-4eaa-835f-5bfa2f7b64f7}">
          <package>msdynce_AppCommonAnchor (9.0.23053.10002)</package>
        </Required>
        <Dependent type="80" schemaName="bw_CCO" displayName="CCO" />
      </MissingDependency>
      <MissingDependency>
        <Required type="60" displayName="contact card" parentDisplayName="Contact" solution="msdynce_AppCommon (9.0.4.0066)" id="{707fc57b-c5e6-471b-a180-e37ed28a38e2}">
          <package>msdynce_AppCommonAnchor (9.0.23053.10002)</package>
        </Required>
        <Dependent type="60" displayName="TfL Case" parentDisplayName="Case" id="{70e7c1fc-1d0d-ee11-8f6e-002248a01f16}" />
      </MissingDependency>
      <MissingDependency>
        <Required type="60" displayName="contact card" parentDisplayName="Contact" solution="msdynce_AppCommon (9.0.4.0066)" id="{707fc57b-c5e6-471b-a180-e37ed28a38e2}">
          <package>msdynce_AppCommonAnchor (9.0.23053.10002)</package>
        </Required>
        <Dependent type="80" schemaName="bw_CCO" displayName="CCO" />
      </MissingDependency>
      <MissingDependency>
        <Required type="60" displayName="Social Profiles" parentDisplayName="Contact" solution="msdynce_AppCommon (9.0.4.0066)" id="{7bb87dfd-ec3e-4ed9-8e3e-5725d3067295}">
          <package>msdynce_AppCommonAnchor (9.0.23053.10002)</package>
        </Required>
        <Dependent type="80" schemaName="bw_CCO" displayName="CCO" />
      </MissingDependency>
      <MissingDependency>
        <Required type="60" displayName="Case Quick Create" parentDisplayName="Case" solution="msdynce_Service (9.0.5.56)" id="{8e10b902-0b3e-441c-8b12-88e6c1793848}" />
        <Dependent type="80" schemaName="bw_CCO" displayName="CCO" />
      </MissingDependency>
      <MissingDependency>
        <Required type="60" displayName="Case Reference Panel" parentDisplayName="Case" solution="msdynce_Service (9.0.5.56)" id="{8ed8553f-b520-4fe3-b2e7-59eef8301486}" />
        <Dependent type="80" schemaName="bw_CCO" displayName="CCO" />
      </MissingDependency>
      <MissingDependency>
        <Required type="60" displayName="App for Outlook Case Quick Create" parentDisplayName="Case" solution="AppforOutlookPatch (1.2.388)" id="{ac33e173-6502-4816-ab48-c3eefd7be580}" />
        <Dependent type="80" schemaName="bw_CCO" displayName="CCO" />
      </MissingDependency>
      <MissingDependency>
        <Required type="60" displayName="account card" parentDisplayName="Account" solution="msdynce_AppCommon (9.0.4.0066)" id="{b028db32-3619-48a5-ac51-cf3f947b0ef3}">
          <package>msdynce_AppCommonAnchor (9.0.23053.10002)</package>
        </Required>
        <Dependent type="60" displayName="TfL Case" parentDisplayName="Case" id="{70e7c1fc-1d0d-ee11-8f6e-002248a01f16}" />
      </MissingDependency>
      <MissingDependency>
        <Required type="60" displayName="Contact Quick Form" parentDisplayName="Contact" solution="msdynce_AppCommon (9.0.4.0066)" id="{bdb0ae1c-32fa-4374-b637-8dafe107bc44}">
          <package>msdynce_AppCommonAnchor (9.0.23053.10002)</package>
        </Required>
        <Dependent type="80" schemaName="bw_CCO" displayName="CCO" />
      </MissingDependency>
      <MissingDependency>
        <Required type="60" displayName="App for Outlook Contact Card" parentDisplayName="Contact" solution="AppforOutlook (1.2.13.0)" id="{cdbb9298-3b2e-41f3-8f4a-0168d6b09fc4}" />
        <Dependent type="80" schemaName="bw_CCO" displayName="CCO" />
      </MissingDependency>
      <MissingDependency>
        <Required type="60" displayName="Contact Reference Panel" parentDisplayName="Contact" solution="msdynce_AppCommon (9.0.4.0066)" id="{d880c3cf-80e2-42f3-82f9-24d040d09f17}">
          <package>msdynce_AppCommonAnchor (9.0.23053.10002)</package>
        </Required>
        <Dependent type="80" schemaName="bw_CCO" displayName="CCO" />
      </MissingDependency>
      <MissingDependency>
        <Required type="60" displayName="First Response SLA" parentDisplayName="SLA KPI Instance" solution="msdynce_ServiceLevelAgreement (9.0.23053.1004)" id="{ede9dac3-e143-4be4-acc8-237309e31210}">
          <package>msdynce_ServiceLevelAgreementAnchor (9.0.23053.1004)</package>
        </Required>
        <Dependent type="60" displayName="TfL Case" parentDisplayName="Case" id="{70e7c1fc-1d0d-ee11-8f6e-002248a01f16}" />
      </MissingDependency>
      <MissingDependency>
        <Required type="60" displayName="Recent Cases and Entitlements" parentDisplayName="Contact" solution="msdynce_AppCommon (9.0.4.0066)" id="{f3b707fb-3b5f-45f9-9c6b-5e573bb5d19e}">
          <package>msdynce_AppCommonAnchor (9.0.23053.10002)</package>
        </Required>
        <Dependent type="80" schemaName="bw_CCO" displayName="CCO" />
      </MissingDependency>
      <MissingDependency>
        <Required type="60" displayName="Case Quick Create for Multisession" parentDisplayName="Case" solution="msdynce_ServicePatch201911 (9.0.23043.1005)" id="{f43b46e9-17a4-4443-afc4-141d40a46f22}" />
        <Dependent type="80" schemaName="bw_CCO" displayName="CCO" />
      </MissingDependency>
      <MissingDependency>
        <Required type="61" schemaName="msdyn_/Images/AppModule_Default_Icon.png" displayName="msdyn_/Images/AppModule_Default_Icon.png" solution="AppModuleWebResources (2.5)" />
        <Dependent type="80" schemaName="bw_CCO" displayName="CCO" />
      </MissingDependency>
      <MissingDependency>
        <Required type="61" schemaName="msdyn_/Scripts/WhoKnowsWhomLoader.js" displayName="msdyn_/Scripts/WhoKnowsWhomLoader.js" solution="msdyn_connectiongraph (9.2.0.1007)">
          <package>msdynce_SalesInsightsAnchor (9.0.23053.10011)</package>
        </Required>
        <Dependent type="60" displayName="TfL Contact" parentDisplayName="Contact" id="{0541bfdb-1d0d-ee11-8f6e-000d3a6736b4}" />
      </MissingDependency>
      <MissingDependency>
        <Required type="61" schemaName="msdyn_SalesOmniChannel/SalesPhoneNumber.Library.js" displayName="msdyn_SalesOmniChannel/SalesPhoneNumber.Library.js" solution="msdyn_SalesOmniChannel (9.1.23053.10009)">
          <package>msdyn_AcceleratedSalesAnchor (9.1.23053.10009)</package>
        </Required>
        <Dependent type="60" displayName="TfL Contact" parentDisplayName="Contact" id="{0541bfdb-1d0d-ee11-8f6e-000d3a6736b4}" />
      </MissingDependency>
      <MissingDependency>
        <Required type="61" schemaName="msdyn_talkingpointsloader.js" displayName="msdyn_talkingpointsloader.js" solution="msdynce_Talkingpoints (9.0.1.701894)">
          <package>msdynce_SalesInsightsAnchor (9.0.23053.10011)</package>
        </Required>
        <Dependent type="60" displayName="TfL Contact" parentDisplayName="Contact" id="{0541bfdb-1d0d-ee11-8f6e-000d3a6736b4}" />
      </MissingDependency>
      <MissingDependency>
        <Required type="66" schemaName="Intelligence.BusinessCardReaderControl.BusinessCardReader" displayName="Intelligence.BusinessCardReaderControl.BusinessCardReader" solution="BaseCustomControlsCore (9.0.2305.3022)" />
        <Dependent type="60" displayName="TfL Contact" parentDisplayName="Contact" id="{0541bfdb-1d0d-ee11-8f6e-000d3a6736b4}" />
      </MissingDependency>
      <MissingDependency>
        <Required type="66" schemaName="MscrmControls.CardFeedContainer.CardFeedContainer" displayName="MscrmControls.CardFeedContainer.CardFeedContainer" solution="BaseCustomControlsCore (9.0.2305.3022)" />
        <Dependent type="60" displayName="TfL Contact" parentDisplayName="Contact" id="{0541bfdb-1d0d-ee11-8f6e-000d3a6736b4}" />
      </MissingDependency>
      <MissingDependency>
        <Required type="66" schemaName="MscrmControls.CardFeedContainer.CardFeedContainer" displayName="MscrmControls.CardFeedContainer.CardFeedContainer" solution="BaseCustomControlsCore (9.0.2305.3022)" />
        <Dependent type="60" displayName="TfL Case" parentDisplayName="Case" id="{70e7c1fc-1d0d-ee11-8f6e-002248a01f16}" />
      </MissingDependency>
      <MissingDependency>
        <Required type="66" schemaName="MscrmControls.LeadHygiene.ValidatedFieldControl" displayName="MscrmControls.LeadHygiene.ValidatedFieldControl" solution="msdyn_leadhygiene (9.1.2305.3001)">
          <package>msdyn_AcceleratedSalesAnchor (9.1.23053.10009)</package>
        </Required>
        <Dependent type="60" displayName="TfL Contact" parentDisplayName="Contact" id="{0541bfdb-1d0d-ee11-8f6e-000d3a6736b4}" />
      </MissingDependency>
      <MissingDependency>
        <Required type="66" schemaName="MscrmControls.TalkingPointsControl.TalkingPoints" displayName="MscrmControls.TalkingPointsControl.TalkingPoints" solution="msdynce_Talkingpoints (9.0.1.701894)">
          <package>msdynce_SalesInsightsAnchor (9.0.23053.10011)</package>
        </Required>
        <Dependent type="60" displayName="TfL Contact" parentDisplayName="Contact" id="{0541bfdb-1d0d-ee11-8f6e-000d3a6736b4}" />
      </MissingDependency>
      <MissingDependency>
        <Required type="66" schemaName="msdyn_SalesOmniChannel.SalesPhoneNumberControl" displayName="msdyn_SalesOmniChannel.SalesPhoneNumberControl" solution="msdyn_SalesOmniChannel (9.1.23053.10009)">
          <package>msdyn_AcceleratedSalesAnchor (9.1.23053.10009)</package>
        </Required>
        <Dependent type="60" displayName="TfL Contact" parentDisplayName="Contact" id="{0541bfdb-1d0d-ee11-8f6e-000d3a6736b4}" />
      </MissingDependency>
      <MissingDependency>
        <Required type="66" schemaName="MsdynControls.WKWControls.ConnectionsWidget" displayName="MsdynControls.WKWControls.ConnectionsWidget" solution="msdyn_connectiongraph (9.2.0.1007)">
          <package>msdynce_SalesInsightsAnchor (9.0.23053.10011)</package>
        </Required>
        <Dependent type="60" displayName="TfL Contact" parentDisplayName="Contact" id="{0541bfdb-1d0d-ee11-8f6e-000d3a6736b4}" />
      </MissingDependency>
    </MissingDependencies>
  </SolutionManifest>
</ImportExportXml>