<appaction uniquename="bw__ConfidentialFollo!aad39a8d33f74dac9549a9f348f08d7e!bw_CCO!incident!0">
  <appmoduleid>
    <uniquename>bw_CCO</uniquename>
  </appmoduleid>
  <buttonlabeltext default="Confidential Follow Up">
    <label description="Confidential Follow Up" languagecode="1033" />
  </buttonlabeltext>
  <buttonsequencepriority>7.7500000000</buttonsequencepriority>
  <context>1</context>
  <contextentity>
    <logicalname>incident</logicalname>
  </contextentity>
  <contextvalue>incident</contextvalue>
  <fonticon>$clientsvg:RoutingRule</fonticon>
  <hidden>0</hidden>
  <iscustomizable>1</iscustomizable>
  <isdisabled>0</isdisabled>
  <isgrouptitlehidden>0</isgrouptitlehidden>
  <location>0</location>
  <name>ConfidentialFollo!aad39a8d33f74dac9549a9f348f08d7e</name>
  <onclickeventjavascriptfunctionname>TfL.Case.confidential</onclickeventjavascriptfunctionname>
  <onclickeventjavascriptparameters>[{"type":5}]</onclickeventjavascriptparameters>
  <onclickeventjavascriptwebresourceid>
    <webresourceid>30a586db-510d-ee11-8f6d-000d3a6736b4</webresourceid>
  </onclickeventjavascriptwebresourceid>
  <onclickeventtype>2</onclickeventtype>
  <origin>0</origin>
  <statecode>0</statecode>
  <statuscode>1</statuscode>
  <type>0</type>
  <visibilitytype>0</visibilitytype>
</appaction>