{
  "properties": {
    "connectionReferences": {
      "shared_commondataserviceforapps": {
        "runtimeSource": "embedded",
        "connection": {
          "connectionReferenceLogicalName": "bw_sharedcommondataserviceforapps_e4d76"
        },
        "api": {
          "name": "shared_commondataserviceforapps"
        }
      }
    },
    "definition": {
      "$schema": "https://schema.management.azure.com/providers/Microsoft.Logic/schemas/2016-06-01/workflowdefinition.json#",
      "contentVersion": "1.0.0.0",
      "parameters": {
        "$connections": {
          "defaultValue": {},
          "type": "Object"
        },
        "$authentication": {
          "defaultValue": {},
          "type": "SecureObject"
        }
      },
      "triggers": {
        "When_a_row_is_added,_modified_or_deleted": {
          "metadata": {
            "operationMetadataId": "867fcb5d-7451-45fb-b261-89b3834197c1"
          },
          "type": "OpenApiConnectionWebhook",
          "inputs": {
            "host": {
              "connectionName": "shared_commondataserviceforapps",
              "operationId": "SubscribeWebhookTrigger",
              "apiId": "/providers/Microsoft.PowerApps/apis/shared_commondataserviceforapps"
            },
            "parameters": {
              "subscriptionRequest/message": 1,
              "subscriptionRequest/entityname": "bw_followup",
              "subscriptionRequest/scope": 4
            },
            "authentication": "@parameters('$authentication')"
          }
        }
      },
      "actions": {
        "Share_Follow_Up_with_Team": {
          "runAfter": {
            "Email_Documents": [
              "Succeeded"
            ]
          },
          "metadata": {
            "operationMetadataId": "02d10f5d-0de9-4d74-b176-a222dc28e9a6"
          },
          "type": "OpenApiConnection",
          "inputs": {
            "host": {
              "connectionName": "shared_commondataserviceforapps",
              "operationId": "PerformUnboundAction",
              "apiId": "/providers/Microsoft.PowerApps/apis/shared_commondataserviceforapps"
            },
            "parameters": {
              "actionName": "GrantAccess",
              "item/Target": "bw_followups(@{triggerOutputs()?['body/bw_followupid']})",
              "item/PrincipalAccess": {
                "Principal": {
                  "teamid": "@variables('team')['teamid']",
                  "@{variables('at')}odata.type": "Microsoft.Dynamics.CRM.team"
                },
                "AccessMask": "ReadAccess,WriteAccess"
              }
            },
            "authentication": "@parameters('$authentication')"
          }
        },
        "at": {
          "runAfter": {
            "Get_Case": [
              "Succeeded"
            ]
          },
          "metadata": {
            "operationMetadataId": "0fdaa619-2f37-41c5-9ec8-fbc8aeb9a8ea"
          },
          "type": "InitializeVariable",
          "inputs": {
            "variables": [
              {
                "name": "at",
                "type": "string",
                "value": "@@"
              }
            ]
          }
        },
        "team": {
          "runAfter": {
            "Query_for_Team_Id": [
              "Succeeded"
            ]
          },
          "metadata": {
            "operationMetadataId": "c6e980c3-2ee6-4758-a23e-05e1ba97b305"
          },
          "type": "InitializeVariable",
          "inputs": {
            "variables": [
              {
                "name": "team",
                "type": "object",
                "value": "@first(outputs('Query_for_Team_Id')?['body/value'])"
              }
            ]
          }
        },
        "Query_for_Team_Id": {
          "runAfter": {
            "at": [
              "Succeeded"
            ]
          },
          "metadata": {
            "operationMetadataId": "5fb00add-3146-427d-b3ed-e37b7ea49906"
          },
          "type": "OpenApiConnection",
          "inputs": {
            "host": {
              "connectionName": "shared_commondataserviceforapps",
              "operationId": "ListRecords",
              "apiId": "/providers/Microsoft.PowerApps/apis/shared_commondataserviceforapps"
            },
            "parameters": {
              "entityName": "teams",
              "$select": "teamid",
              "$filter": "name eq '@{if(equals(triggerOutputs()?['body/bw_type'], 121330000), 'Escalation Team', 'Confidential Case Team')}'"
            },
            "authentication": "@parameters('$authentication')"
          }
        },
        "Get_Case": {
          "runAfter": {},
          "metadata": {
            "operationMetadataId": "68b1cb36-39be-4374-8b81-3581b5a842f9"
          },
          "type": "OpenApiConnection",
          "inputs": {
            "host": {
              "connectionName": "shared_commondataserviceforapps",
              "operationId": "GetItem",
              "apiId": "/providers/Microsoft.PowerApps/apis/shared_commondataserviceforapps"
            },
            "parameters": {
              "entityName": "incidents",
              "recordId": "@triggerOutputs()?['body/_bw_caseid_value']",
              "$select": "_customerid_value"
            },
            "authentication": "@parameters('$authentication')"
          }
        },
        "Case_Documents": {
          "actions": {
            "Query_for_Case_Documents": {
              "runAfter": {},
              "metadata": {
                "operationMetadataId": "a2a63249-cac1-47cd-a9b3-7b62dbece63a"
              },
              "type": "OpenApiConnection",
              "inputs": {
                "host": {
                  "connectionName": "shared_commondataserviceforapps",
                  "operationId": "ListRecords",
                  "apiId": "/providers/Microsoft.PowerApps/apis/shared_commondataserviceforapps"
                },
                "parameters": {
                  "entityName": "annotations",
                  "$select": "documentbody,filename",
                  "$filter": "_objectid_value eq '@{triggerOutputs()?['body/_bw_caseid_value']}' and documentbody ne null and contains(mimetype, 'image')"
                },
                "authentication": "@parameters('$authentication')"
              }
            },
            "For_Each_Case_Document": {
              "foreach": "@outputs('Query_for_Case_Documents')?['body/value']",
              "actions": {
                "Insert_Follow_up_Document": {
                  "runAfter": {},
                  "metadata": {
                    "operationMetadataId": "c6265bd1-4bff-42a6-9368-bfb744b35b98"
                  },
                  "type": "OpenApiConnection",
                  "inputs": {
                    "host": {
                      "connectionName": "shared_commondataserviceforapps",
                      "operationId": "CreateRecord",
                      "apiId": "/providers/Microsoft.PowerApps/apis/shared_commondataserviceforapps"
                    },
                    "parameters": {
                      "entityName": "bw_followupdocuments",
                      "item/bw_name": "@items('For_Each_Case_Document')?['filename']",
                      "item/bw_FollowUpId@odata.bind": "bw_followups(@{triggerOutputs()?['body/bw_followupid']})",
                      "item/bw_image": "@items('For_Each_Case_Document')?['documentbody']"
                    },
                    "authentication": "@parameters('$authentication')"
                  }
                },
                "Share_Follow_Up_Document_with_Team": {
                  "runAfter": {
                    "Insert_Follow_up_Document": [
                      "Succeeded"
                    ]
                  },
                  "metadata": {
                    "operationMetadataId": "02d10f5d-0de9-4d74-b176-a222dc28e9a6"
                  },
                  "type": "OpenApiConnection",
                  "inputs": {
                    "host": {
                      "connectionName": "shared_commondataserviceforapps",
                      "operationId": "PerformUnboundAction",
                      "apiId": "/providers/Microsoft.PowerApps/apis/shared_commondataserviceforapps"
                    },
                    "parameters": {
                      "actionName": "GrantAccess",
                      "item/Target": "bw_followupdocuments(@{outputs('Insert_Follow_up_Document')?['body/bw_followupdocumentid']})",
                      "item/PrincipalAccess": {
                        "Principal": {
                          "teamid": "@variables('team')['teamid']",
                          "@{variables('at')}odata.type": "Microsoft.Dynamics.CRM.team"
                        },
                        "AccessMask": "ReadAccess"
                      }
                    },
                    "authentication": "@parameters('$authentication')"
                  }
                }
              },
              "runAfter": {
                "Query_for_Case_Documents": [
                  "Succeeded"
                ]
              },
              "metadata": {
                "operationMetadataId": "77920fe6-75a6-401d-bea1-ba2ab3c036cd"
              },
              "type": "Foreach"
            }
          },
          "runAfter": {
            "team": [
              "Succeeded"
            ]
          },
          "metadata": {
            "operationMetadataId": "29fe2c03-2c38-46de-9cdd-924ddda4fa6e"
          },
          "type": "Scope"
        },
        "Contact_Documents": {
          "actions": {
            "Query_for_Contact_Documents": {
              "runAfter": {},
              "metadata": {
                "operationMetadataId": "a2a63249-cac1-47cd-a9b3-7b62dbece63a"
              },
              "type": "OpenApiConnection",
              "inputs": {
                "host": {
                  "connectionName": "shared_commondataserviceforapps",
                  "operationId": "ListRecords",
                  "apiId": "/providers/Microsoft.PowerApps/apis/shared_commondataserviceforapps"
                },
                "parameters": {
                  "entityName": "annotations",
                  "$select": "documentbody,filename",
                  "$filter": "_objectid_value eq '@{outputs('Get_Case')?['body/_customerid_value']}' and documentbody ne null and contains(mimetype, 'image')"
                },
                "authentication": "@parameters('$authentication')"
              }
            },
            "For_Each_Contact_Document": {
              "foreach": "@outputs('Query_for_Contact_Documents')?['body/value']",
              "actions": {
                "Insert_Follow_up_Document_2": {
                  "runAfter": {},
                  "metadata": {
                    "operationMetadataId": "c6265bd1-4bff-42a6-9368-bfb744b35b98"
                  },
                  "type": "OpenApiConnection",
                  "inputs": {
                    "host": {
                      "connectionName": "shared_commondataserviceforapps",
                      "operationId": "CreateRecord",
                      "apiId": "/providers/Microsoft.PowerApps/apis/shared_commondataserviceforapps"
                    },
                    "parameters": {
                      "entityName": "bw_followupdocuments",
                      "item/bw_name": "@items('For_Each_Contact_Document')?['filename']",
                      "item/bw_FollowUpId@odata.bind": "bw_followups(@{triggerOutputs()?['body/bw_followupid']})",
                      "item/bw_image": "@items('For_Each_Contact_Document')?['documentbody']"
                    },
                    "authentication": "@parameters('$authentication')"
                  }
                },
                "Share_Follow_Up_Document_with_Team_2": {
                  "runAfter": {
                    "Insert_Follow_up_Document_2": [
                      "Succeeded"
                    ]
                  },
                  "metadata": {
                    "operationMetadataId": "02d10f5d-0de9-4d74-b176-a222dc28e9a6"
                  },
                  "type": "OpenApiConnection",
                  "inputs": {
                    "host": {
                      "connectionName": "shared_commondataserviceforapps",
                      "operationId": "PerformUnboundAction",
                      "apiId": "/providers/Microsoft.PowerApps/apis/shared_commondataserviceforapps"
                    },
                    "parameters": {
                      "actionName": "GrantAccess",
                      "item/Target": "bw_followupdocuments(@{outputs('Insert_Follow_up_Document_2')?['body/bw_followupdocumentid']})",
                      "item/PrincipalAccess": {
                        "Principal": {
                          "teamid": "@variables('team')['teamid']",
                          "@{variables('at')}odata.type": "Microsoft.Dynamics.CRM.team"
                        },
                        "AccessMask": "ReadAccess"
                      }
                    },
                    "authentication": "@parameters('$authentication')"
                  }
                }
              },
              "runAfter": {
                "Query_for_Contact_Documents": [
                  "Succeeded"
                ]
              },
              "metadata": {
                "operationMetadataId": "77920fe6-75a6-401d-bea1-ba2ab3c036cd"
              },
              "type": "Foreach"
            }
          },
          "runAfter": {
            "Case_Documents": [
              "Succeeded"
            ]
          },
          "metadata": {
            "operationMetadataId": "06a6be78-7438-408c-bb57-c25e1fe99580"
          },
          "type": "Scope"
        },
        "Email_Documents": {
          "actions": {
            "Query_for_Emails": {
              "runAfter": {},
              "metadata": {
                "operationMetadataId": "bebc29c6-3d8e-4f5e-9e5c-3c90e16f1562"
              },
              "type": "OpenApiConnection",
              "inputs": {
                "host": {
                  "connectionName": "shared_commondataserviceforapps",
                  "operationId": "ListRecords",
                  "apiId": "/providers/Microsoft.PowerApps/apis/shared_commondataserviceforapps"
                },
                "parameters": {
                  "entityName": "emails",
                  "$select": "activityid",
                  "$filter": "_regardingobjectid_value eq '@{triggerOutputs()?['body/_bw_caseid_value']}'"
                },
                "authentication": "@parameters('$authentication')"
              }
            },
            "For_each_email": {
              "foreach": "@outputs('Query_for_Emails')?['body/value']",
              "actions": {
                "Query_for_Email_Documents": {
                  "runAfter": {},
                  "metadata": {
                    "operationMetadataId": "a2a63249-cac1-47cd-a9b3-7b62dbece63a"
                  },
                  "type": "OpenApiConnection",
                  "inputs": {
                    "host": {
                      "connectionName": "shared_commondataserviceforapps",
                      "operationId": "ListRecords",
                      "apiId": "/providers/Microsoft.PowerApps/apis/shared_commondataserviceforapps"
                    },
                    "parameters": {
                      "entityName": "activitymimeattachments",
                      "$select": "body,filename",
                      "$filter": "_objectid_value eq '@{items('For_each_email')?['activityid']}' and contains(mimetype, 'image')"
                    },
                    "authentication": "@parameters('$authentication')"
                  }
                },
                "For_Each_Email_Document": {
                  "foreach": "@outputs('Query_for_Email_Documents')?['body/value']",
                  "actions": {
                    "Insert_Follow_up_Document_3": {
                      "runAfter": {},
                      "metadata": {
                        "operationMetadataId": "c6265bd1-4bff-42a6-9368-bfb744b35b98"
                      },
                      "type": "OpenApiConnection",
                      "inputs": {
                        "host": {
                          "connectionName": "shared_commondataserviceforapps",
                          "operationId": "CreateRecord",
                          "apiId": "/providers/Microsoft.PowerApps/apis/shared_commondataserviceforapps"
                        },
                        "parameters": {
                          "entityName": "bw_followupdocuments",
                          "item/bw_name": "@items('For_Each_Email_Document')?['filename']",
                          "item/bw_FollowUpId@odata.bind": "bw_followups(@{triggerOutputs()?['body/bw_followupid']})",
                          "item/bw_image": "@items('For_Each_Email_Document')?['body']"
                        },
                        "authentication": "@parameters('$authentication')"
                      }
                    },
                    "Share_Follow_Up_Document_with_Team_3": {
                      "runAfter": {
                        "Insert_Follow_up_Document_3": [
                          "Succeeded"
                        ]
                      },
                      "metadata": {
                        "operationMetadataId": "02d10f5d-0de9-4d74-b176-a222dc28e9a6"
                      },
                      "type": "OpenApiConnection",
                      "inputs": {
                        "host": {
                          "connectionName": "shared_commondataserviceforapps",
                          "operationId": "PerformUnboundAction",
                          "apiId": "/providers/Microsoft.PowerApps/apis/shared_commondataserviceforapps"
                        },
                        "parameters": {
                          "actionName": "GrantAccess",
                          "item/Target": "bw_followupdocuments(@{outputs('Insert_Follow_up_Document_3')?['body/bw_followupdocumentid']})",
                          "item/PrincipalAccess": {
                            "Principal": {
                              "teamid": "@variables('team')['teamid']",
                              "@{variables('at')}odata.type": "Microsoft.Dynamics.CRM.team"
                            },
                            "AccessMask": "ReadAccess"
                          }
                        },
                        "authentication": "@parameters('$authentication')"
                      }
                    }
                  },
                  "runAfter": {
                    "Query_for_Email_Documents": [
                      "Succeeded"
                    ]
                  },
                  "metadata": {
                    "operationMetadataId": "77920fe6-75a6-401d-bea1-ba2ab3c036cd"
                  },
                  "type": "Foreach"
                }
              },
              "runAfter": {
                "Query_for_Emails": [
                  "Succeeded"
                ]
              },
              "metadata": {
                "operationMetadataId": "cf5bc8ed-2d85-44e4-977f-1a2be5447a4f"
              },
              "type": "Foreach"
            }
          },
          "runAfter": {
            "Contact_Documents": [
              "Succeeded"
            ]
          },
          "metadata": {
            "operationMetadataId": "06a6be78-7438-408c-bb57-c25e1fe99580"
          },
          "type": "Scope"
        },
        "Share_Follow_Up_with_Manager": {
          "runAfter": {
            "Share_Follow_Up_with_Team": [
              "Succeeded"
            ]
          },
          "metadata": {
            "operationMetadataId": "02d10f5d-0de9-4d74-b176-a222dc28e9a6"
          },
          "type": "OpenApiConnection",
          "inputs": {
            "host": {
              "connectionName": "shared_commondataserviceforapps",
              "operationId": "PerformUnboundAction",
              "apiId": "/providers/Microsoft.PowerApps/apis/shared_commondataserviceforapps"
            },
            "parameters": {
              "actionName": "GrantAccess",
              "item/Target": "bw_followups(@{triggerOutputs()?['body/bw_followupid']})",
              "item/PrincipalAccess": {
                "Principal": {
                  "systemuserid": "@triggerOutputs()?['body/_ownerid_value']",
                  "@{variables('at')}odata.type": "Microsoft.Dynamics.CRM.systemuser"
                },
                "AccessMask": "ReadAccess,WriteAccess"
              }
            },
            "authentication": "@parameters('$authentication')"
          }
        }
      }
    },
    "templateName": ""
  },
  "schemaVersion": "1.0.0.0"
}